,fitness,num_inds
0,0.9708263970369349,4
1,0.9956984299879807,3
2,0.9947096604567308,2
3,0.996044921875,1
4,0.99703369140625,2
5,0.99901123046875,2
6,1.0,1
7,1.0,1
8,1.0,1
9,1.0,1
10,1.0,1
11,1.0,1
12,1.0,1
13,1.0,1
14,1.0,1
15,1.0,1
16,1.0,1
17,1.0,1
18,1.0,1
19,1.0,1
20,1.0,1
21,1.0,1
22,1.0,1
23,1.0,1
24,1.0,1
25,1.0,1
26,1.0,1
27,1.0,1
28,1.0,1
29,1.0,1
30,1.0,1
