,fitness,num_inds
0,0.8015762115393033,4
1,0.8970659884789948,4
2,0.9209111368077878,4
3,0.9292687367584745,3
4,0.9471704780615086,4
5,0.9690290563440993,4
6,0.9858183460289497,4
7,0.9974689094387755,2
8,1.0,1
9,1.0,1
10,1.0,1
11,1.0,1
12,1.0,1
13,1.0,1
14,1.0,1
15,1.0,1
16,1.0,1
17,1.0,1
18,1.0,1
19,1.0,1
20,1.0,1
21,1.0,1
22,1.0,1
23,1.0,1
24,1.0,1
25,1.0,1
26,1.0,1
27,1.0,1
28,1.0,1
29,1.0,1
30,1.0,1
