,id,d,p,t
0,pop20_el10_mut1_ep1000,74.13055555555555,62.983333333333334,21.223676204681396
